name,background,PZ,TZ
prostate_39,1.0,0.5459141681363904,0.5250766871165644
prostate_31,1.0,0.6266997427416391,0.4607608769892767
prostate_28,1.0,0.6404906790302328,0.4781321933574482
prostate_04,1.0,0.49329962073324907,0.5406071358170708
prostate_34,1.0,0.6369278510473235,0.4711040954134877
prostate_24,1.0,0.4235596402806601,0.5505668481246566
prostate_40,1.0,0.6091293833131801,0.4913920314805706
