name,background,PZ,TZ
prostate_21,1.0,0.7938052415847778,0.8589829206466675
prostate_02,1.0,0.7353723645210266,0.8568506836891174
prostate_43,1.0,0.7571352124214172,0.7047327160835266
prostate_37,1.0,0.5211342573165894,0.8898077011108398
prostate_25,1.0,0.4911365211009979,0.8561936020851135
prostate_20,1.0,0.6886229515075684,0.8746373653411865
