name,background,PZ,TZ
prostate_47,1.0,0.408808171749115,0.8476438522338867
prostate_35,1.0,0.3319166898727417,0.8304959535598755
prostate_14,1.0,0.6601776480674744,0.8050746917724609
prostate_42,1.0,0.6251051425933838,0.8913809061050415
prostate_41,1.0,0.8033730387687683,0.872617244720459
prostate_00,1.0,0.4430162310600281,0.8550236225128174
prostate_10,1.0,0.7121118903160095,0.6353456377983093
