name,background,PZ,TZ
prostate_32,1.0,0.43655163049697876,nan
prostate_13,1.0,0.7559359669685364,0.0
prostate_38,1.0,0.6749206781387329,0.7680241465568542
prostate_07,1.0,0.004118288867175579,0.22751475870609283
prostate_18,1.0,0.0729718953371048,nan
prostate_17,1.0,0.8590471148490906,0.8163654208183289
