name,background,PZ,TZ
prostate_39,1.0,0.4703174829483032,0.854865312576294
prostate_31,1.0,0.7598134875297546,0.8518966436386108
prostate_28,1.0,0.7869271636009216,0.7596685886383057
prostate_04,1.0,0.5499791502952576,0.8966197967529297
prostate_34,1.0,0.7470762729644775,0.8534966707229614
prostate_24,1.0,0.34989023208618164,0.8835044503211975
prostate_40,1.0,0.6781387329101562,0.7944280505180359
