name,background,PZ,TZ
prostate_47,1.0,0.31011458247465173,0.49405239240844695
prostate_35,1.0,0.466156202143951,0.34069400630914826
prostate_14,1.0,0.5258233532934131,0.4592704090667611
prostate_42,1.0,0.5616268788682581,0.5428836346777932
prostate_41,1.0,0.6158796338257954,0.5733889001829641
prostate_00,1.0,0.4312933025404157,0.5272481862662393
prostate_10,1.0,0.5046434045622576,0.3440280736934453
