name,background,PZ,TZ
prostate_32,1.0,0.3829512751811055,nan
prostate_13,1.0,0.6495778783800318,0.0
prostate_38,1.0,0.6593500814541713,0.2812074066686613
prostate_07,1.0,0.012098982075826445,0.17970581965465784
prostate_18,1.0,0.22947712418300653,nan
prostate_17,1.0,0.7713881943689531,0.5652173913043478
