name,background,PZ,TZ
prostate_44,1.0,0.8040379881858826,0.7867574691772461
prostate_16,1.0,0.007314175367355347,0.516623318195343
prostate_01,1.0,0.6440560221672058,0.8328016996383667
prostate_46,1.0,0.6990291476249695,0.7996102571487427
prostate_29,1.0,0.7300162315368652,0.8821077346801758
prostate_06,1.0,0.6949013471603394,0.8221349716186523
