name,background,PZ,TZ
prostate_21,1.0,0.6313602364022532,0.5485698620122452
prostate_02,1.0,0.5655393729943224,0.4796659651028583
prostate_43,1.0,0.4787680489366242,0.29886766556102023
prostate_37,1.0,0.4643754130865829,0.462215850911325
prostate_25,1.0,0.4585032626427406,0.44879957554052263
prostate_20,1.0,0.6141912736888497,0.5129218449378607
