name,background,PZ,TZ
prostate_44,1.0,0.6470952886999646,0.4270450751252087
prostate_16,1.0,0.015109029129416422,0.28406413687412796
prostate_01,1.0,0.4743873452995656,0.3482570734589378
prostate_46,1.0,0.4014881255733361,0.5068956870611836
prostate_29,1.0,0.49963530269876005,0.4794963817144202
prostate_06,1.0,0.4841209829867675,0.44653377451376
