name,background,PZ,TZ
prostate_39,1.0,0.4419288820670248,0.3815424054689169
prostate_31,1.0,0.47432157694687527,0.41508680902015566
prostate_28,1.0,0.2899440137812231,0.2486311093084567
prostate_04,1.0,0.4304564907275321,0.4791519434628975
prostate_34,1.0,0.5321338611011155,0.3836691753661892
prostate_24,1.0,0.32683361377808573,0.3134471127221467
prostate_40,1.0,0.3942326116114198,0.33881958276548907
