name,background,PZ,TZ
prostate_21,1.0,0.5383658409118652,0.7012709975242615
prostate_02,1.0,0.5983284115791321,0.815487265586853
prostate_43,1.0,0.6363774538040161,0.6801174283027649
prostate_37,1.0,0.4086122512817383,0.0
prostate_25,1.0,0.3890450894832611,0.7864472270011902
prostate_20,1.0,0.5312790870666504,0.84816974401474
