name,background,PZ,TZ
prostate_21,1.0,0.46062058210372925,0.679347038269043
prostate_02,1.0,0.4968925416469574,0.6802008748054504
prostate_43,1.0,0.6339895725250244,0.6747180819511414
prostate_37,1.0,0.30617186427116394,0.554368793964386
prostate_25,1.0,0.38604962825775146,0.7762066721916199
prostate_20,1.0,0.31476444005966187,0.7561812996864319
