name,background,PZ,TZ
prostate_21,1.0,0.27579862853319953,0.2084251101321586
prostate_02,1.0,0.3471191528391562,0.3560995131061162
prostate_43,1.0,0.36896574310604574,0.2384590894619548
prostate_37,1.0,0.35914313068453807,0.0
prostate_25,1.0,0.27393447837150126,0.3442453257423821
prostate_20,1.0,0.4417576703068123,0.39375921126187935
