name,background,PZ,TZ
prostate_32,1.0,0.40604954957962036,nan
prostate_13,1.0,0.6392667889595032,0.0
prostate_38,1.0,0.48423606157302856,0.7646095752716064
prostate_07,1.0,0.0,0.06865730881690979
prostate_18,1.0,0.07320816069841385,nan
prostate_17,1.0,0.7467037439346313,0.70513516664505
