name,background,PZ,TZ
prostate_47,1.0,0.3771897256374359,0.7197345495223999
prostate_35,1.0,0.12861090898513794,0.7968566417694092
prostate_14,1.0,0.39750242233276367,0.5722724199295044
prostate_42,1.0,0.4154539704322815,0.857315182685852
prostate_41,1.0,0.44969332218170166,0.5365598201751709
prostate_00,1.0,0.3327818512916565,0.6381710767745972
prostate_10,1.0,0.31013184785842896,0.4765474200248718
