name,background,PZ,TZ
prostate_47,1.0,0.38729241877256315,0.38200517735954664
prostate_35,1.0,0.0,0.3318316780997236
prostate_14,1.0,0.28265953892415635,0.2896790980052038
prostate_42,1.0,0.4928792103081908,0.46424836241536854
prostate_41,1.0,0.32455842391304346,0.3000461041954818
prostate_00,1.0,0.3592548467453699,0.5354893224765709
prostate_10,1.0,0.0,0.28048002042640113
