name,background,PZ,TZ
prostate_39,1.0,0.3527865404837014,0.2222544190089829
prostate_31,1.0,0.41222670345998724,0.28609107546560447
prostate_28,1.0,0.1712013721057145,0.12396856581532416
prostate_04,1.0,0.2244359097455593,0.27693445680838746
prostate_34,1.0,0.5682715074980268,0.3057988523104802
prostate_24,1.0,0.17178728182096561,0.24329361645476935
prostate_40,1.0,0.26127100916107626,0.13459399332591768
