name,background,PZ,TZ
prostate_47,1.0,0.558716356754303,0.8074142336845398
prostate_35,1.0,0.0,0.8306456208229065
prostate_14,1.0,0.523330569267273,0.7106793522834778
prostate_42,1.0,0.5303352475166321,0.8628928661346436
prostate_41,1.0,0.5715097188949585,0.7698473334312439
prostate_00,1.0,0.4463346600532532,0.8567677140235901
prostate_10,1.0,0.0,0.5375609993934631
