name,background,PZ,TZ
prostate_32,1.0,0.28416856492027337,nan
prostate_13,1.0,0.28280710409472126,0.1444180701556083
prostate_38,1.0,0.25401883719283336,0.21243155834208063
prostate_07,1.0,0.07948449561690436,0.02616243025418475
prostate_18,1.0,0.11941986561107046,nan
prostate_17,1.0,0.5605865981588525,0.38341463414634147
