name,background,PZ,TZ
prostate_39,1.0,0.2785303592681885,0.7574491500854492
prostate_31,1.0,0.6643356680870056,0.8295475840568542
prostate_28,1.0,0.659173309803009,0.0
prostate_04,1.0,0.4653390049934387,0.8724542260169983
prostate_34,1.0,0.71357262134552,0.8625830411911011
prostate_24,1.0,0.13398058712482452,0.7742875218391418
prostate_40,1.0,0.5774498581886292,0.0
