name,background,PZ,TZ
prostate_44,1.0,0.46654642274327923,0.47619047619047616
prostate_16,1.0,0.0,0.23391812865497075
prostate_01,1.0,0.46231078158789,0.4425463851567498
prostate_46,1.0,0.3189426506905698,0.36287279367011566
prostate_29,1.0,0.4010788513406314,0.26906948351823345
prostate_06,1.0,0.39960184598678855,0.3828406633020908
