name,background,PZ,TZ
prostate_44,1.0,0.5793752670288086,0.6736950278282166
prostate_16,1.0,0.0,0.4358164072036743
prostate_01,1.0,0.6407821178436279,0.8355178833007812
prostate_46,1.0,0.6487219929695129,0.739709734916687
prostate_29,1.0,0.6776924133300781,0.8168154358863831
prostate_06,1.0,0.12411292642354965,0.6651965975761414
