name,background,PZ,TZ
prostate_44,1.0,0.6101785898208618,0.6147165298461914
prostate_16,1.0,0.11565257608890533,0.4716898202896118
prostate_01,1.0,0.6483980417251587,0.7756789922714233
prostate_46,1.0,0.5503930449485779,0.6209906339645386
prostate_29,1.0,0.631816565990448,0.8016847372055054
prostate_06,1.0,0.4996444284915924,0.8041122555732727
