name,background,PZ,TZ
prostate_32,1.0,0.44520533084869385,nan
prostate_13,1.0,0.37060850858688354,0.24801374971866608
prostate_38,1.0,0.2226271778345108,0.7472344040870667
prostate_07,1.0,0.07746385037899017,0.029034724459052086
prostate_18,1.0,0.03647360950708389,nan
prostate_17,1.0,0.7313170433044434,0.733451247215271
