name,background,PZ,TZ
prostate_47,1.0,0.46859169006347656,0.7354229092597961
prostate_35,1.0,0.41189828515052795,0.8018999695777893
prostate_14,1.0,0.5617538094520569,0.6829083561897278
prostate_42,1.0,0.510387122631073,0.8422309160232544
prostate_41,1.0,0.5116834044456482,0.7657358050346375
prostate_00,1.0,0.4001725912094116,0.8535380959510803
prostate_10,1.0,0.4794054925441742,0.5562425255775452
