name,background,PZ,TZ
prostate_39,1.0,0.46953442692756653,0.7987542748451233
prostate_31,1.0,0.6853169202804565,0.8309903144836426
prostate_28,1.0,0.5081036686897278,0.7237648963928223
prostate_04,1.0,0.5974441170692444,0.8920858502388
prostate_34,1.0,0.6258119344711304,0.8440747261047363
prostate_24,1.0,0.14884138107299805,0.7970960140228271
prostate_40,1.0,0.5311667323112488,0.7487338781356812
