name,background,PZ,TZ
prostate_32,1.0,0.29110354885755957,nan
prostate_13,1.0,0.0,0.0
prostate_38,1.0,0.0,0.2361002857885165
prostate_07,1.0,0.0,0.0
prostate_18,1.0,0.0,nan
prostate_17,1.0,0.5676964769647697,0.3891089108910891
