name,background,PZ,TZ
prostate_47,1.0,0.2703629032258065,0.2850281896011693
prostate_35,1.0,0.16701751598681336,0.28614311570211454
prostate_14,1.0,0.21102519331504116,0.20521012533792088
prostate_42,1.0,0.38361386428948446,0.4481402763018066
prostate_41,1.0,0.24266666666666667,0.18614495738230077
prostate_00,1.0,0.23774369266055045,0.34540679813695374
prostate_10,1.0,0.2927374301675978,0.2344717182497332
