name,background,PZ,TZ
prostate_39,1.0,0.2598439157009125,0.6573851108551025
prostate_31,1.0,0.5462241768836975,0.7483082413673401
prostate_28,1.0,0.2831416130065918,0.29279592633247375
prostate_04,1.0,0.32650506496429443,0.6967554092407227
prostate_34,1.0,0.6658127903938293,0.5244839191436768
prostate_24,1.0,0.08203084021806717,0.6203327178955078
prostate_40,1.0,0.48965972661972046,0.3265400230884552
