name,background,PZ,TZ
prostate_21,1.0,0.2193840218186656,0.18617806197737333
prostate_02,1.0,0.2594416053845195,0.25065727699530516
prostate_43,1.0,0.36535218575690753,0.23136326194398682
prostate_37,1.0,0.25735357173484263,0.24193405030663942
prostate_25,1.0,0.2695829094608342,0.3330412467922639
prostate_20,1.0,0.25084729112431847,0.2703796761585706
