name,background,PZ,TZ
prostate_44,1.0,0.6727195978164673,0.7903937697410583
prostate_16,1.0,0.0,0.4717150330543518
prostate_01,1.0,0.6692155599594116,0.8448873162269592
prostate_46,1.0,0.5807472467422485,0.7029155492782593
prostate_29,1.0,0.6323160529136658,0.8017094135284424
prostate_06,1.0,0.5562996864318848,0.8041122555732727
