name,background,PZ,TZ
prostate_21,1.0,0.2314967105263158,0.1554160125588697
prostate_02,1.0,0.3783172875680201,0.42354951048032063
prostate_43,1.0,0.407621171377976,0.2224754013464526
prostate_37,1.0,0.32303003918154116,0.31653198192028487
prostate_25,1.0,0.3439451235599332,0.39382763975155277
prostate_20,1.0,0.3972672494271408,0.48380241538381796
