name,background,PZ,TZ
prostate_32,1.0,0.25275169140664444,nan
prostate_13,1.0,0.48449401523394997,0.0
prostate_38,1.0,0.48739716436198144,0.25282337491792517
prostate_07,1.0,0.0,0.04194575928075973
prostate_18,1.0,0.028575284474308526,nan
prostate_17,1.0,0.5980362074255907,0.35220579396562085
