name,background,PZ,TZ
prostate_21,1.0,0.327578604221344,0.6318331956863403
prostate_02,1.0,0.6236194968223572,0.834819495677948
prostate_43,1.0,0.6656618714332581,0.6730076670646667
prostate_37,1.0,0.4079086184501648,0.8217152953147888
prostate_25,1.0,0.3771923780441284,0.8085525631904602
prostate_20,1.0,0.5106987357139587,0.8741427659988403
