name,background,PZ,TZ
prostate_44,1.0,0.41576731725985455,0.29613641269156055
prostate_16,1.0,0.12209725705963266,0.2333387346929327
prostate_01,1.0,0.44360456499184825,0.36935974795749454
prostate_46,1.0,0.2922638504735563,0.2944216890969378
prostate_29,1.0,0.4000633011552461,0.26899808957758437
prostate_06,1.0,0.3479905437352246,0.3828406633020908
