name,background,PZ,TZ
prostate_44,1.0,0.32588419983377964,0.3057936235858759
prostate_16,1.0,0.0,0.22685764613173875
prostate_01,1.0,0.46831013298079166,0.45539756424153544
prostate_46,1.0,0.4124902874902875,0.36910215300045807
prostate_29,1.0,0.4591860022822366,0.3282190613179905
prostate_06,1.0,0.08440765368435338,0.3176646280756649
