name,background,PZ,TZ
prostate_47,1.0,0.2812792511700468,0.2965013128947555
prostate_35,1.0,0.38702303499208723,0.2959021601016518
prostate_14,1.0,0.33942008628473963,0.31685455553502123
prostate_42,1.0,0.4093897505057316,0.37732106452146125
prostate_41,1.0,0.27596326801098175,0.28923306587049824
prostate_00,1.0,0.4189137380191693,0.5401531194005539
prostate_10,1.0,0.34372555592803666,0.2424484364604125
