name,background,PZ,TZ
prostate_32,1.0,0.4491861164569855,nan
prostate_13,1.0,0.0,0.0
prostate_38,1.0,0.0,0.7702665328979492
prostate_07,1.0,0.0,0.0
prostate_18,1.0,0.0,nan
prostate_17,1.0,0.7352609634399414,0.7361921072006226
