name,background,PZ,TZ
prostate_39,1.0,0.38312207376955576,0.30246864894707787
prostate_31,1.0,0.5015495867768595,0.3799957103024237
prostate_28,1.0,0.4098161799010917,0.0
prostate_04,1.0,0.3392597968069666,0.4236029122392759
prostate_34,1.0,0.6269956458635704,0.5485822647643128
prostate_24,1.0,0.3246527777777778,0.3838076236480101
prostate_40,1.0,0.354680767724246,0.0
