name,PZ,TZ
sup_unet,0.6221393565569694 ± 0.18446413210944626,0.8032482524712881 ± 0.13210627939138025
sup_swin,0.5258459447262188 ± 0.22495023617710744,0.710177831693242 ± 0.25863141087640007
genesis,0.5908130764961242 ± 0.18674064734181667,0.780392680844913 ± 0.1926036180660648
tang,0.4787887531022231 ± 0.19408357434731094,0.707423421740532 ± 0.20799162667142831
