name,PZ,TZ
sup_unet,0.5317847266010138 ± 0.1367758036352732,0.46732652580316214 ± 0.1049958519969889
sup_swin,0.41335956235643045 ± 0.17514451788044802,0.35903666446823895 ± 0.1504300550761434
genesis,0.4866310294963743 ± 0.1376936548632959,0.43738357214867557 ± 0.13175501581402066
tang,0.35824829932859886 ± 0.13811671423944322,0.3188124806285824 ± 0.11775050745905258
