name,background,PZ,TZ
prostate_21,1.0,0.4855601489543915,0.7179405093193054
prostate_02,1.0,0.6871805191040039,0.831443190574646
prostate_43,1.0,0.6944014430046082,0.6994468569755554
prostate_37,1.0,0.3701384365558624,0.8608714938163757
prostate_25,1.0,0.5222304463386536,0.8511185646057129
prostate_20,1.0,0.6156041622161865,0.8896317481994629
