name,background,PZ,TZ
prostate_47,1.0,0.32658388040813097,0.39384333615102846
prostate_35,1.0,0.5817994954685602,0.3791933859769993
prostate_14,1.0,0.43993649673663787,0.3757800488378403
prostate_42,1.0,0.4830181751422802,0.4983004758667573
prostate_41,1.0,0.3818295627291424,0.2904830830468609
prostate_00,1.0,0.31715829768070253,0.5723870341928704
prostate_10,1.0,0.49856878262333726,0.0129540347435282
