name,background,PZ,TZ
prostate_32,1.0,0.2997478665632273,nan
prostate_13,1.0,0.6226957146277232,0.0
prostate_38,1.0,0.5443347675693917,0.27991568996902244
prostate_07,1.0,0.0,0.1618572927597062
prostate_18,1.0,0.18661679135494597,nan
prostate_17,1.0,0.6585188267110464,0.4560425639726374
