name,background,PZ,TZ
prostate_44,1.0,0.360239502804305,0.259853314140791
prostate_16,1.0,0.2369881109643329,0.236064997031597
prostate_01,1.0,0.4625681705503223,0.3333333333333333
prostate_46,1.0,0.17671656263256771,0.1688116688116688
prostate_29,1.0,0.4004534815681685,0.40213463783423203
prostate_06,1.0,0.3956407886629698,0.2740111009625518
