name,background,PZ,TZ
prostate_32,1.0,0.22232841007819287,nan
prostate_13,1.0,0.39632918886915336,0.08631502408579998
prostate_38,1.0,0.4686858316221766,0.26237978615375424
prostate_07,1.0,0.008953442101074413,0.030976230619194023
prostate_18,1.0,0.19250017138548023,nan
prostate_17,1.0,0.6539117458963973,0.2590644672882301
