name,background,PZ,TZ
prostate_39,1.0,0.5037724180581323,0.4068569746909947
prostate_31,1.0,0.554595373120893,0.4826729255833218
prostate_28,1.0,0.4524677371687518,0.45248044573020463
prostate_04,1.0,0.43033761293390393,0.437976829612885
prostate_34,1.0,0.6367713004484304,0.48269149386373256
prostate_24,1.0,0.25706046141607003,0.44823080016083633
prostate_40,1.0,0.5600825167612171,0.40063897763578277
