name,background,PZ,TZ
prostate_32,1.0,0.4127176105976105,nan
prostate_13,1.0,0.5747821927070618,0.1898043304681778
prostate_38,1.0,0.43758100271224976,0.783909022808075
prostate_07,1.0,0.0036012129858136177,0.04566545784473419
prostate_18,1.0,0.05834377929568291,nan
prostate_17,1.0,0.8021017909049988,0.5497176647186279
