name,background,PZ,TZ
prostate_39,1.0,0.3748548924922943,0.8145115375518799
prostate_31,1.0,0.6995593905448914,0.8582441806793213
prostate_28,1.0,0.7040601372718811,0.7746849060058594
prostate_04,1.0,0.4797089993953705,0.8709878325462341
prostate_34,1.0,0.7397969365119934,0.8549373745918274
prostate_24,1.0,0.1271354854106903,0.834204375743866
prostate_40,1.0,0.6509515643119812,0.7196608185768127
