name,background,PZ,TZ
prostate_21,1.0,0.5211236476898193,0.6972900032997131
prostate_02,1.0,0.5058016777038574,0.6682998538017273
prostate_43,1.0,0.745619535446167,0.7242013812065125
prostate_37,1.0,0.32191240787506104,0.6037595272064209
prostate_25,1.0,0.46267566084861755,0.8444998264312744
prostate_20,1.0,0.6064469814300537,0.8054508566856384
