name,background,PZ,TZ
prostate_21,1.0,0.29710471723640297,0.2277326383565844
prostate_02,1.0,0.31478648820905036,0.2780401659205717
prostate_43,1.0,0.45820765466854346,0.3022907300363948
prostate_37,1.0,0.2827677977378576,0.26535929786066925
prostate_25,1.0,0.37800181241504305,0.4398572884811417
prostate_20,1.0,0.5592476489028213,0.4003291416997215
