name,background,PZ,TZ
prostate_21,1.0,0.24757538353024158,0.20651803948264125
prostate_02,1.0,0.4688229409803268,0.4030014169779724
prostate_43,1.0,0.36145280331477403,0.2379080685664374
prostate_37,1.0,0.2655146316851665,0.3786150172459538
prostate_25,1.0,0.4902538531278332,0.44642266198954267
prostate_20,1.0,0.5378807160430983,0.5088711751092826
