name,background,PZ,TZ
prostate_44,1.0,0.7136554718017578,0.8128215670585632
prostate_16,1.0,0.0,0.4749271869659424
prostate_01,1.0,0.6586514115333557,0.8534741997718811
prostate_46,1.0,0.6486028432846069,0.7828055620193481
prostate_29,1.0,0.6169862151145935,0.8346591591835022
prostate_06,1.0,0.004513914696872234,0.018984125927090645
