name,background,PZ,TZ
prostate_32,1.0,0.4746527075767517,nan
prostate_13,1.0,0.7413506507873535,0.0
prostate_38,1.0,0.5824639201164246,0.7947267293930054
prostate_07,1.0,0.0,0.4359091818332672
prostate_18,1.0,0.06865082681179047,nan
prostate_17,1.0,0.8027795553207397,0.7614989280700684
