name,background,PZ,TZ
prostate_47,1.0,0.24663803819640637,0.25659622358384393
prostate_35,1.0,0.34060622799143825,0.2977070124421986
prostate_14,1.0,0.27476748887990293,0.267499294383291
prostate_42,1.0,0.47891156462585033,0.4807392562903585
prostate_41,1.0,0.3542744286654754,0.20621269494897632
prostate_00,1.0,0.3765659543109801,0.598762286130324
prostate_10,1.0,0.2893118031526336,0.04612830546661923
