name,background,PZ,TZ
prostate_44,1.0,0.49552081503600914,0.46916778940822884
prostate_16,1.0,0.0,0.25988295176805615
prostate_01,1.0,0.4976068792082421,0.48473377187538785
prostate_46,1.0,0.3600762267746546,0.4469930389136141
prostate_29,1.0,0.3986342609589544,0.36643692564745195
prostate_06,1.0,0.027916940429259747,0.03024368426759189
