name,background,PZ,TZ
prostate_47,1.0,0.4450308680534363,0.8116977214813232
prostate_35,1.0,0.5456196069717407,0.8375999927520752
prostate_14,1.0,0.6018113493919373,0.766872763633728
prostate_42,1.0,0.48451945185661316,0.8772642612457275
prostate_41,1.0,0.6419195532798767,0.7860822677612305
prostate_00,1.0,0.4876919984817505,0.867111086845398
prostate_10,1.0,0.6485989689826965,0.011216827668249607
