name,background,PZ,TZ
prostate_47,1.0,0.34999319911003113,0.7158618569374084
prostate_35,1.0,0.3908570110797882,0.8063653111457825
prostate_14,1.0,0.43743571639060974,0.675334095954895
prostate_42,1.0,0.5486371517181396,0.8899276256561279
prostate_41,1.0,0.503251850605011,0.6100379228591919
prostate_00,1.0,0.4098122715950012,0.851665735244751
prostate_10,1.0,0.4306258261203766,0.12508898973464966
