name,background,PZ,TZ
prostate_32,1.0,0.24912383177570094,nan
prostate_13,1.0,0.43529717778644816,0.0
prostate_38,1.0,0.49881624476415953,0.27548684499357146
prostate_07,1.0,0.0,0.0
prostate_18,1.0,0.20260818883870027,nan
prostate_17,1.0,0.6540511727078892,0.38882908742973327
