name,background,PZ,TZ
prostate_21,1.0,0.5237241983413696,0.7104160189628601
prostate_02,1.0,0.6206822991371155,0.8301915526390076
prostate_43,1.0,0.7457302808761597,0.7304902672767639
prostate_37,1.0,0.41521936655044556,0.8428285121917725
prostate_25,1.0,0.46391919255256653,0.8461759686470032
prostate_20,1.0,0.6144355535507202,0.8731918931007385
