name,background,PZ,TZ
prostate_47,1.0,0.30869872701555867,0.30524358497582743
prostate_35,1.0,0.417696867061812,0.32287250542860096
prostate_14,1.0,0.3757950041478477,0.347606821932881
prostate_42,1.0,0.49825145711906743,0.484406551492035
prostate_41,1.0,0.3502528384696117,0.2858795266482783
prostate_00,1.0,0.4323181049069374,0.6524912726118692
prostate_10,1.0,0.43513878180416343,0.0
