name,background,PZ,TZ
prostate_44,1.0,0.669976532459259,0.7860736846923828
prostate_16,1.0,0.14095059037208557,0.4476412236690521
prostate_01,1.0,0.6795707941055298,0.8462432026863098
prostate_46,1.0,0.5976755619049072,0.0
prostate_29,1.0,0.6185896992683411,0.8575463891029358
prostate_06,1.0,0.5625578761100769,0.5231934189796448
