name,background,PZ,TZ
prostate_44,1.0,0.4314633260711692,0.4425119645149994
prostate_16,1.0,0.15483768300445577,0.24125810694362557
prostate_01,1.0,0.4982073384697536,0.43416988416988417
prostate_46,1.0,0.2662527392257122,0.0
prostate_29,1.0,0.40281047675103004,0.40348039489095877
prostate_06,1.0,0.4480593109463585,0.29592533576143865
