name,background,PZ,TZ
prostate_39,1.0,0.41315192743764173,0.0
prostate_31,1.0,0.4701630837657524,0.41493429743447124
prostate_28,1.0,0.5016565971545508,0.0
prostate_04,1.0,0.4043539442099164,0.5000480630587331
prostate_34,1.0,0.5715572908845172,0.0
prostate_24,1.0,0.23203745165886425,0.0
prostate_40,1.0,0.439629107034872,0.0
