name,background,PZ,TZ
prostate_44,1.0,0.5993167161941528,0.5773942470550537
prostate_16,1.0,0.17253521084785461,0.4486832618713379
prostate_01,1.0,0.6413928270339966,0.764299750328064
prostate_46,1.0,0.4328281283378601,0.3605692386627197
prostate_29,1.0,0.6170502305030823,0.8570868372917175
prostate_06,1.0,0.527678906917572,0.5072712302207947
