name,background,PZ,TZ
prostate_39,1.0,0.31727227568626404,0.0
prostate_31,1.0,0.6418869495391846,0.8286524415016174
prostate_28,1.0,0.7143362164497375,0.0
prostate_04,1.0,0.45549488067626953,0.888570249080658
prostate_34,1.0,0.705517053604126,0.0
prostate_24,1.0,0.10892349481582642,0.0
prostate_40,1.0,0.6201748251914978,0.0
