name,background,PZ,TZ
prostate_47,1.0,0.46126633882522583,0.7689327597618103
prostate_35,1.0,0.4497695863246918,0.8203824758529663
prostate_14,1.0,0.5521737933158875,0.7498993873596191
prostate_42,1.0,0.5607525706291199,0.8908815383911133
prostate_41,1.0,0.49510490894317627,0.7437490224838257
prostate_00,1.0,0.46384397149086,0.876312255859375
prostate_10,1.0,0.6389474868774414,0.0
