name,background,PZ,TZ
prostate_39,1.0,0.28311708491958665,0.11272508016553841
prostate_31,1.0,0.3537120948065528,0.15591608537764193
prostate_28,1.0,0.21014818140996858,0.08110579016107967
prostate_04,1.0,0.2737461473802186,0.2359020852221215
prostate_34,1.0,0.4923992496280484,0.2133262070194192
prostate_24,1.0,0.12166488794023479,0.17030606566499723
prostate_40,1.0,0.2695920889987639,0.08055719513634754
