name,background,PZ,TZ
prostate_21,1.0,0.301041857064522,0.2467607973421927
prostate_02,1.0,0.4071723000824402,0.4418483226732802
prostate_43,1.0,0.4584842387659289,0.31475702184574234
prostate_37,1.0,0.3784505788067676,0.3900423301753679
prostate_25,1.0,0.38076220903696945,0.44498872059297456
prostate_20,1.0,0.5725288831835686,0.4845002808845309
