name,background,PZ,TZ
prostate_32,1.0,0.4305931627750397,nan
prostate_13,1.0,0.6222163438796997,0.0
prostate_38,1.0,0.46542614698410034,0.7919087409973145
prostate_07,1.0,0.0,0.0
prostate_18,1.0,0.05835900828242302,nan
prostate_17,1.0,0.8021483421325684,0.7359579801559448
