name,background,PZ,TZ
prostate_39,1.0,0.2184298038482666,0.365925133228302
prostate_31,1.0,0.5446962118148804,0.4417433738708496
prostate_28,1.0,0.3532584011554718,0.1887425035238266
prostate_04,1.0,0.3266010880470276,0.573415994644165
prostate_34,1.0,0.6362142562866211,0.4185536205768585
prostate_24,1.0,0.055058371275663376,0.4811537265777588
prostate_40,1.0,0.43766525387763977,0.17185966670513153
