name,background,PZ,TZ
prostate_21,1.0,0.22714237516869096,0.21791361187174277
prostate_02,1.0,0.45852459016393443,0.370012407758114
prostate_43,1.0,0.48491658154579503,0.28839151852645106
prostate_37,1.0,0.2894179360435791,0.2098635886673662
prostate_25,1.0,0.37306201550387597,0.3393006993006993
prostate_20,1.0,0.4043292141184072,0.4402420574886536
