name,background,PZ,TZ
prostate_39,1.0,0.40966746657524855,0.37315797813341783
prostate_31,1.0,0.4939402896837127,0.34742555166749983
prostate_28,1.0,0.42052294030587073,0.41879265091863516
prostate_04,1.0,0.4033500192529842,0.5731215455858188
prostate_34,1.0,0.5768770565360455,0.5071151358344114
prostate_24,1.0,0.3224324035481458,0.4503217307594873
prostate_40,1.0,0.5127845181991376,0.4130972529618539
