name,background,PZ,TZ
prostate_47,1.0,0.4409593343734741,0.7425592541694641
prostate_35,1.0,0.4789011478424072,0.8517573475837708
prostate_14,1.0,0.4878942370414734,0.7470850348472595
prostate_42,1.0,0.5085889101028442,0.8383988738059998
prostate_41,1.0,0.4072650969028473,0.7175507545471191
prostate_00,1.0,0.46378371119499207,0.8686952590942383
prostate_10,1.0,0.6343510746955872,0.21122820675373077
