name,background,PZ,TZ
prostate_32,1.0,0.3693011403083801,nan
prostate_13,1.0,0.5239127278327942,0.0
prostate_38,1.0,0.4281950294971466,0.7635864019393921
prostate_07,1.0,0.005724833346903324,0.2626586854457855
prostate_18,1.0,0.11941759288311005,nan
prostate_17,1.0,0.7712129950523376,0.740168035030365
