name,background,PZ,TZ
prostate_21,1.0,0.3518848419189453,0.6944206357002258
prostate_02,1.0,0.6723255515098572,0.821913480758667
prostate_43,1.0,0.7356684803962708,0.7007492184638977
prostate_37,1.0,0.3891485929489136,0.7665117979049683
prostate_25,1.0,0.43580162525177,0.7883465886116028
prostate_20,1.0,0.4896965026855469,0.853807270526886
