name,background,PZ,TZ
prostate_47,1.0,0.3043722761141572,0.3287100251527129
prostate_35,1.0,0.5118185284025925,0.39077105692665315
prostate_14,1.0,0.39458535707861125,0.3291050651736506
prostate_42,1.0,0.4131225413790544,0.34505221797125424
prostate_41,1.0,0.12753678945849764,0.18830205150589263
prostate_00,1.0,0.43121758458878734,0.5644143450823457
prostate_10,1.0,0.39754243281471,0.10971654209561416
