name,background,PZ,TZ
prostate_44,1.0,0.7626577019691467,0.8074773550033569
prostate_16,1.0,0.0,0.8186880350112915
prostate_01,1.0,0.6317804455757141,0.834816038608551
prostate_46,1.0,0.6255699992179871,0.5999262928962708
prostate_29,1.0,0.6110470294952393,0.83709716796875
prostate_06,1.0,0.5762348175048828,0.801466166973114
