name,background,PZ,TZ
prostate_44,1.0,0.5667059219380888,0.48683151236342725
prostate_16,1.0,0.0,0.3515940821004376
prostate_01,1.0,0.3905679661264418,0.3982584197720579
prostate_46,1.0,0.2773628400184417,0.20247711362412493
prostate_29,1.0,0.37617179708795956,0.3051377758261061
prostate_06,1.0,0.3877531432959017,0.3558144918589397
