name,background,PZ,TZ
prostate_32,1.0,0.2350206611570248,nan
prostate_13,1.0,0.4096242584047462,0.0
prostate_38,1.0,0.4521509371645611,0.19352589641434262
prostate_07,1.0,0.003320424504591248,0.10680412371134021
prostate_18,1.0,0.17900457286765192,nan
prostate_17,1.0,0.5888118811881188,0.4291148871417702
