name,background,PZ,TZ
prostate_39,1.0,0.3102490305900574,0.8089050054550171
prostate_31,1.0,0.6575254797935486,0.8152989745140076
prostate_28,1.0,0.6486047506332397,0.7865871787071228
prostate_04,1.0,0.45882663130760193,0.9019443392753601
prostate_34,1.0,0.675215482711792,0.8642216920852661
prostate_24,1.0,0.18044425547122955,0.8445555567741394
prostate_40,1.0,0.6220413446426392,0.7422856092453003
