name,background,PZ,TZ
prostate_39,1.0,0.4794918894767761,0.8687658905982971
prostate_31,1.0,0.7411495447158813,0.8534766435623169
prostate_28,1.0,0.736912727355957,0.7400222420692444
prostate_04,1.0,0.6137530207633972,0.8797749280929565
prostate_34,1.0,0.7405231595039368,0.8633551597595215
prostate_24,1.0,0.31142106652259827,0.8870899081230164
prostate_40,1.0,0.6762840151786804,0.0
