name,background,PZ,TZ
prostate_32,1.0,0.3638793432607866,nan
prostate_13,1.0,0.5828324116374128,0.0
prostate_38,1.0,0.6449678800856531,0.25701326540122404
prostate_07,1.0,0.0,0.0
prostate_18,1.0,0.27170996662522084,nan
prostate_17,1.0,0.7599375650364204,0.0
