name,background,PZ,TZ
prostate_47,1.0,0.47895804047584534,0.8443289399147034
prostate_35,1.0,0.2879476547241211,0.8424336910247803
prostate_14,1.0,0.7328676581382751,0.8414500951766968
prostate_42,1.0,0.6977382302284241,0.9130163192749023
prostate_41,1.0,0.7504637837409973,0.8606602549552917
prostate_00,1.0,0.3607741594314575,0.8742879629135132
prostate_10,1.0,0.6868575811386108,0.5637667179107666
