name,background,PZ,TZ
prostate_47,1.0,0.27212798595428467,0.6402120590209961
prostate_35,1.0,0.2697973847389221,0.6129140853881836
prostate_14,1.0,0.4755589962005615,0.35118821263313293
prostate_42,1.0,0.4338679015636444,0.7258411049842834
prostate_41,1.0,0.6322395205497742,0.5795169472694397
prostate_00,1.0,0.16632080078125,0.6326615810394287
prostate_10,1.0,0.5730793476104736,0.4840090870857239
