name,background,PZ,TZ
prostate_32,1.0,0.4594303071498871,nan
prostate_13,1.0,0.5083560943603516,0.12170170992612839
prostate_38,1.0,0.5847398042678833,0.7173859477043152
prostate_07,1.0,0.11691507697105408,0.0435846708714962
prostate_18,1.0,0.061382122337818146,nan
prostate_17,1.0,0.8161305785179138,0.2198818475008011
