name,background,PZ,TZ
prostate_32,1.0,0.3361484827653933,nan
prostate_13,1.0,0.6416572077185017,0.566301771809051
prostate_38,1.0,0.678541208326282,0.2599148341171984
prostate_07,1.0,0.013824945066443444,0.19831840614147322
prostate_18,1.0,0.23128559804719284,nan
prostate_17,1.0,0.7761627906976745,0.5210885956644675
