name,background,PZ,TZ
prostate_21,1.0,0.546085409252669,0.5301455301455301
prostate_02,1.0,0.5622841538832223,0.4563287882685876
prostate_43,1.0,0.5473549774820192,0.3839547776932275
prostate_37,1.0,0.4981899192425508,0.49960238568588466
prostate_25,1.0,0.5138211382113821,0.502133893878591
prostate_20,1.0,0.7080146036161336,0.6219224456298728
