name,background,PZ,TZ
prostate_32,1.0,0.4738360047340393,nan
prostate_13,1.0,0.7071994543075562,0.0
prostate_38,1.0,0.6328016519546509,0.7841869592666626
prostate_07,1.0,0.0,0.0
prostate_18,1.0,0.06165548413991928,nan
prostate_17,1.0,0.8424646258354187,0.0
