name,background,PZ,TZ
prostate_39,1.0,0.6056948675884697,0.5066344052450827
prostate_31,1.0,0.6286103542234333,0.5094023068857043
prostate_28,1.0,0.5578018223234624,0.44610191637630664
prostate_04,1.0,0.5570748593682389,0.5652476972865322
prostate_34,1.0,0.6950717945017678,0.5277261873175909
prostate_24,1.0,0.428251577447588,0.5464214711729622
prostate_40,1.0,0.6005224660397074,0.4190048634493079
