name,background,PZ,TZ
prostate_44,1.0,0.76444011926651,0.8312324285507202
prostate_16,1.0,0.003110566409304738,0.5823502540588379
prostate_01,1.0,0.6742879152297974,0.8632953763008118
prostate_46,1.0,0.6620871424674988,0.7792329788208008
prostate_29,1.0,0.7310212254524231,0.8742409944534302
prostate_06,1.0,0.0,0.8543215394020081
