name,background,PZ,TZ
prostate_32,1.0,0.39462175965309143,nan
prostate_13,1.0,0.750044584274292,0.0
prostate_38,1.0,0.003775237128138542,0.7874541878700256
prostate_07,1.0,0.004271293990314007,0.24784167110919952
prostate_18,1.0,0.05058596655726433,nan
prostate_17,1.0,0.8654009699821472,0.8104265332221985
