name,background,PZ,TZ
prostate_32,1.0,0.3304724750758561,nan
prostate_13,1.0,0.3568116582026937,0.07313111118053169
prostate_38,1.0,0.573626875904624,0.2010938259601361
prostate_07,1.0,0.06350472450607436,0.02525364323925475
prostate_18,1.0,0.25499704316972205,nan
prostate_17,1.0,0.6966517218353525,0.11870609290274328
