name,background,PZ,TZ
prostate_21,1.0,0.4372235834598541,0.20780442655086517
prostate_02,1.0,0.3658294081687927,0.4574364125728607
prostate_43,1.0,0.6146803498268127,0.5023218989372253
prostate_37,1.0,0.3443995416164398,0.7343227863311768
prostate_25,1.0,0.5875265002250671,0.8423998355865479
prostate_20,1.0,0.3619309365749359,0.45921221375465393
