name,background,PZ,TZ
prostate_21,1.0,0.7344713807106018,0.8383992910385132
prostate_02,1.0,0.7612539529800415,0.8506456017494202
prostate_43,1.0,0.76703280210495,0.7405208945274353
prostate_37,1.0,0.4482422471046448,0.8846204280853271
prostate_25,1.0,0.592020571231842,0.8635196685791016
prostate_20,1.0,0.692706286907196,0.895104706287384
