name,background,PZ,TZ
prostate_47,1.0,0.4248548014957435,0.5130628501991494
prostate_35,1.0,0.4443409890337265,0.4146010357484036
prostate_14,1.0,0.4904210925644917,0.4454907642158638
prostate_42,1.0,0.5995483288166215,0.5742096600261082
prostate_41,1.0,0.5649011562849683,0.5372654711309215
prostate_00,1.0,0.4981132075471698,0.567373518116547
prostate_10,1.0,0.4968535469107552,0.3039948453608247
