name,background,PZ,TZ
prostate_39,1.0,0.5627689192609466,0.531903402515238
prostate_31,1.0,0.639155113054806,0.4641082274986196
prostate_28,1.0,0.5547958585661262,0.40063660477453583
prostate_04,1.0,0.532394366197183,0.4579172610556348
prostate_34,1.0,0.6526034905524304,0.5139611515782171
prostate_24,1.0,0.43755907992857895,0.5351190476190476
prostate_40,1.0,0.6022843157250662,0.0
