name,background,PZ,TZ
prostate_44,1.0,0.3418995555101415,0.23104976456467546
prostate_16,1.0,0.19557195571955718,0.2545684743616797
prostate_01,1.0,0.40226432532347506,0.27875169229701113
prostate_46,1.0,0.24975095224142982,0.21052889564237048
prostate_29,1.0,0.3781463867300777,0.4292351086776174
prostate_06,1.0,0.18588692768098813,0.2763566716322622
