name,background,PZ,TZ
prostate_21,1.0,0.4864524869363267,0.4340814786872878
prostate_02,1.0,0.6285333959752565,0.43196793696080427
prostate_43,1.0,0.4763213072084448,0.3662734713529129
prostate_37,1.0,0.42640510290046935,0.46221416620189626
prostate_25,1.0,0.5053514288866822,0.4956635462555066
prostate_20,1.0,0.6121222989330225,0.5464033397559409
