name,background,PZ,TZ
prostate_21,1.0,0.6678577661514282,0.0
prostate_02,1.0,0.7556434273719788,0.85419762134552
prostate_43,1.0,0.7919296622276306,0.7159571051597595
prostate_37,1.0,0.4659078121185303,0.8874995708465576
prostate_25,1.0,0.6488917469978333,0.8730449676513672
prostate_20,1.0,0.6877151131629944,0.8999714255332947
