name,background,PZ,TZ
prostate_47,1.0,0.0,0.4870353812747477
prostate_35,1.0,0.4624367816091954,0.406150061500615
prostate_14,1.0,0.5340898774398547,0.007367164670535457
prostate_42,1.0,0.5688721804511279,0.5226903012284737
prostate_41,1.0,0.6466636811464398,0.6014926838849062
prostate_00,1.0,0.0,0.576475279106858
prostate_10,1.0,0.5189862542955327,0.27153171738009285
