name,background,PZ,TZ
prostate_44,1.0,0.5953823481251024,0.5556495085086143
prostate_16,1.0,0.2451806101441138,0.25402327308739786
prostate_01,1.0,0.5431956304331103,0.499807568954458
prostate_46,1.0,0.41184323448078575,0.5900023196474136
prostate_29,1.0,0.477847137637028,0.4828105977158096
prostate_06,1.0,0.44055249616322106,0.4040114613180516
