name,background,PZ,TZ
prostate_44,1.0,0.4917798340320587,0.4697802662849426
prostate_16,1.0,0.24362428486347198,0.5830268859863281
prostate_01,1.0,0.49056074023246765,0.6295609474182129
prostate_46,1.0,0.461197167634964,0.4376142621040344
prostate_29,1.0,0.5714857578277588,0.8694651126861572
prostate_06,1.0,0.2535233795642853,0.6444693803787231
