name,background,PZ,TZ
prostate_47,1.0,0.41748346481791376,0.46235197264264455
prostate_35,1.0,0.4493122771268467,0.3686069579522911
prostate_14,1.0,0.628303418417967,0.547002606429192
prostate_42,1.0,0.6322854421061748,0.608400316993094
prostate_41,1.0,0.5712988192552225,0.5303520643326468
prostate_00,1.0,0.4128760354599622,0.6111477572559367
prostate_10,1.0,0.4982413920770085,0.27737789203084834
