name,background,PZ,TZ
prostate_47,1.0,0.28059834563376096,0.2936352085017905
prostate_35,1.0,0.3132747773001931,0.2023085971963533
prostate_14,1.0,0.32440033085194375,0.1699845877215515
prostate_42,1.0,0.3831983805668016,0.31846611299087463
prostate_41,1.0,0.4972463169489192,0.3347543313111439
prostate_00,1.0,0.20974480941055473,0.3365926339805373
prostate_10,1.0,0.36761394754457494,0.18061785865425306
