name,background,PZ,TZ
prostate_39,1.0,0.5685843229293823,0.865675151348114
prostate_31,1.0,0.7420386075973511,0.8575678467750549
prostate_28,1.0,0.7333997488021851,0.7667998671531677
prostate_04,1.0,0.6507096290588379,0.8981837630271912
prostate_34,1.0,0.7629750967025757,0.8673347234725952
prostate_24,1.0,0.3424898087978363,0.8819977641105652
prostate_40,1.0,0.6706485152244568,0.753736674785614
