name,background,PZ,TZ
prostate_44,1.0,0.5726468478520762,0.5504153085900536
prostate_16,1.0,0.3980250059727642,0.30480340063761957
prostate_01,1.0,0.6050251256281407,0.4974989453383957
prostate_46,1.0,0.4526954659050339,0.5801393728222997
prostate_29,1.0,0.4845103394459618,0.46313684093560753
prostate_06,1.0,0.5124382498235709,0.4157959434542102
