name,background,PZ,TZ
prostate_39,1.0,0.4597581923007965,0.8646607398986816
prostate_31,1.0,0.7025123238563538,0.853352427482605
prostate_28,1.0,0.7417820692062378,0.7681828737258911
prostate_04,1.0,0.5931400060653687,0.8985344767570496
prostate_34,1.0,0.7592951059341431,0.8742770552635193
prostate_24,1.0,0.2824079990386963,0.8717696070671082
prostate_40,1.0,0.7118292450904846,0.7866688966751099
