name,background,PZ,TZ
prostate_21,1.0,0.2087933561309233,0.09240981576095371
prostate_02,1.0,0.2352555086732302,0.15363013846585877
prostate_43,1.0,0.410683906090507,0.16962503371998922
prostate_37,1.0,0.34013487809095627,0.38257450135026294
prostate_25,1.0,0.5098039215686274,0.45457608085345313
prostate_20,1.0,0.3201829840475446,0.21920891024907502
