name,background,PZ,TZ
prostate_32,1.0,0.43914636969566345,nan
prostate_13,1.0,0.7350898385047913,0.8308330178260803
prostate_38,1.0,0.6241666078567505,0.7650530934333801
prostate_07,1.0,0.0038271851371973753,0.25083643198013306
prostate_18,1.0,0.037715084850788116,nan
prostate_17,1.0,0.8486764430999756,0.7797933220863342
