name,background,PZ,TZ
prostate_44,1.0,0.76565021276474,0.8339458107948303
prostate_16,1.0,0.43370750546455383,0.5803911089897156
prostate_01,1.0,0.7023512721061707,0.8567987084388733
prostate_46,1.0,0.698736310005188,0.8198921084403992
prostate_29,1.0,0.7291789650917053,0.8800016641616821
prostate_06,1.0,0.6606162786483765,0.7958519458770752
