name,background,PZ,TZ
prostate_47,1.0,0.0,0.8460532426834106
prostate_35,1.0,0.3913761377334595,0.8527472019195557
prostate_14,1.0,0.6735436916351318,0.005243049003183842
prostate_42,1.0,0.6392536759376526,0.8931027054786682
prostate_41,1.0,0.767785370349884,0.8594356179237366
prostate_00,1.0,0.0,0.8587652444839478
prostate_10,1.0,0.7026478052139282,0.5823150277137756
