name,background,PZ,TZ
prostate_47,1.0,0.512604296207428,0.8635730147361755
prostate_35,1.0,0.3848147690296173,0.8546167016029358
prostate_14,1.0,0.6773747801780701,0.803723931312561
prostate_42,1.0,0.6959192752838135,0.8977497816085815
prostate_41,1.0,0.781736433506012,0.8747725486755371
prostate_00,1.0,0.4699147641658783,0.8656038045883179
prostate_10,1.0,0.7101598978042603,0.648500382900238
