name,background,PZ,TZ
prostate_44,1.0,0.7853407859802246,0.835090160369873
prostate_16,1.0,0.2484869509935379,0.5214067697525024
prostate_01,1.0,0.6950291991233826,0.8656956553459167
prostate_46,1.0,0.6922572255134583,0.8412638902664185
prostate_29,1.0,0.7311000227928162,0.8873193860054016
prostate_06,1.0,0.66816645860672,0.8037857413291931
