name,background,PZ,TZ
prostate_21,1.0,0.387699564586357,0.0
prostate_02,1.0,0.6173720472440944,0.45601436265709155
prostate_43,1.0,0.5700694959854261,0.3261410788381743
prostate_37,1.0,0.469339059890241,0.5446512882773507
prostate_25,1.0,0.6007664562669072,0.5233717467305451
prostate_20,1.0,0.6603559870550162,0.5845793917200691
