name,background,PZ,TZ
prostate_32,1.0,0.3533864943979005,nan
prostate_13,1.0,0.6938875305623472,0.0
prostate_38,1.0,0.04708882509767556,0.294019724857089
prostate_07,1.0,0.011165777128665559,0.16979062811565304
prostate_18,1.0,0.24191063174114022,nan
prostate_17,1.0,0.82660381225661,0.6102786377708979
