name,background,PZ,TZ
prostate_44,1.0,0.5520085787346366,0.510974987238387
prostate_16,1.0,0.01916376306620209,0.25453929826046473
prostate_01,1.0,0.5430019493177388,0.5029437554803958
prostate_46,1.0,0.3957656235490761,0.47073651907058306
prostate_29,1.0,0.5049566294919455,0.44189489267209475
prostate_06,1.0,0.0,0.5007712478790683
