name,background,PZ,TZ
prostate_39,1.0,0.31700883946392927,0.335458128558221
prostate_31,1.0,0.3816111111111111,0.22846658285481294
prostate_28,1.0,0.235118801225267,0.12900140070376823
prostate_04,1.0,0.27819191871231186,0.27668301382077576
prostate_34,1.0,0.5431194862869831,0.2906389447359388
prostate_24,1.0,0.2069650752645437,0.23684383850358953
prostate_40,1.0,0.3686641697877653,0.1270227357183879
