name,background,PZ,TZ
prostate_39,1.0,0.2539692521095276,0.6344027519226074
prostate_31,1.0,0.46826955676078796,0.5714501142501831
prostate_28,1.0,0.3896135985851288,0.4083409011363983
prostate_04,1.0,0.3391307294368744,0.7170982956886292
prostate_34,1.0,0.6443592309951782,0.6365667581558228
prostate_24,1.0,0.13659045100212097,0.5798337459564209
prostate_40,1.0,0.4396299123764038,0.2792123556137085
