name,background,PZ,TZ
prostate_39,1.0,0.5325866793756702,0.5063067050232353
prostate_31,1.0,0.5922637362637363,0.48191983260315174
prostate_28,1.0,0.561405225560231,0.4621434563758389
prostate_04,1.0,0.5186304128902316,0.5484599490653981
prostate_34,1.0,0.6907577135660813,0.535872379520588
prostate_24,1.0,0.3890623606030868,0.5239567968787172
prostate_40,1.0,0.6675052832846936,0.5257258154915369
