name,background,PZ,TZ
prostate_21,1.0,0.7495050430297852,0.8375861644744873
prostate_02,1.0,0.7198679447174072,0.8487329483032227
prostate_43,1.0,0.7804811000823975,0.7511367201805115
prostate_37,1.0,0.5106629133224487,0.8949055671691895
prostate_25,1.0,0.5879830121994019,0.8672183156013489
prostate_20,1.0,0.7345840930938721,0.9103596210479736
