name,background,PZ,TZ
prostate_32,1.0,0.3629040278468424,nan
prostate_13,1.0,0.6594228713929462,0.5286281542205713
prostate_38,1.0,0.5750240461686438,0.30360996664704726
prostate_07,1.0,0.007291710111078673,0.2302622907605114
prostate_18,1.0,0.1817416912074043,nan
prostate_17,1.0,0.6887002652519894,0.45625328428796635
