name,background,PZ,TZ
prostate_21,1.0,0.540099896333993,0.4364746280045784
prostate_02,1.0,0.5988406284130051,0.5018699078402564
prostate_43,1.0,0.5663612383729002,0.38909935231577664
prostate_37,1.0,0.4018058690744921,0.409022659022659
prostate_25,1.0,0.5142174704276615,0.4613757335880988
prostate_20,1.0,0.6556607726472806,0.5680073521461779
