name,background,PZ,TZ
prostate_21,1.0,0.7624633312225342,0.8311741948127747
prostate_02,1.0,0.7615895867347717,0.8712009787559509
prostate_43,1.0,0.8212494254112244,0.7620630860328674
prostate_37,1.0,0.4932044744491577,0.873079240322113
prostate_25,1.0,0.5607288479804993,0.8624254465103149
prostate_20,1.0,0.7253713607788086,0.9030134677886963
