name,background,PZ,TZ
prostate_44,1.0,0.7502607703208923,0.8037706613540649
prostate_16,1.0,0.2730022668838501,0.7994500398635864
prostate_01,1.0,0.7343143820762634,0.8693748116493225
prostate_46,1.0,0.7265086770057678,0.8265748620033264
prostate_29,1.0,0.6907038688659668,0.8941003680229187
prostate_06,1.0,0.6701256036758423,0.8494076728820801
