name,background,PZ,TZ
prostate_47,1.0,0.3878251156853359,0.5082529474812433
prostate_35,1.0,0.513760585065435,0.4954040404040404
prostate_14,1.0,0.5228133282847406,0.3969625059326056
prostate_42,1.0,0.5756430349405366,0.5983952451708767
prostate_41,1.0,0.6276558073654391,0.5683468160132753
prostate_00,1.0,0.41133073496659245,0.5531523642732049
prostate_10,1.0,0.5793084522502744,0.336309127248501
