name,background,PZ,TZ
prostate_47,1.0,0.5211382508277893,0.8678564429283142
prostate_35,1.0,0.4945162534713745,0.8861975073814392
prostate_14,1.0,0.6767587661743164,0.7724181413650513
prostate_42,1.0,0.6855254173278809,0.9149791598320007
prostate_41,1.0,0.8182461261749268,0.8592362999916077
prostate_00,1.0,0.4484689235687256,0.8639132976531982
prostate_10,1.0,0.7804162502288818,0.7162001132965088
