name,background,PZ,TZ
prostate_44,1.0,0.4991935483870968,0.4618989177730671
prostate_16,1.0,0.36270257931979,0.42272865532651677
prostate_01,1.0,0.600708752266359,0.5156930566231104
prostate_46,1.0,0.47040082219938334,0.5188657672078665
prostate_29,1.0,0.43731778425655976,0.5242295730845349
prostate_06,1.0,0.48625114573785516,0.4827886365434834
