name,background,PZ,TZ
prostate_39,1.0,0.5138051509857178,0.8723975419998169
prostate_31,1.0,0.7453153133392334,0.8570820689201355
prostate_28,1.0,0.7503388524055481,0.7981832027435303
prostate_04,1.0,0.5896841287612915,0.9034024477005005
prostate_34,1.0,0.7569624781608582,0.8749730587005615
prostate_24,1.0,0.30830514430999756,0.8864333629608154
prostate_40,1.0,0.6831700205802917,0.7492147088050842
