name,background,PZ,TZ
prostate_39,1.0,0.5828343313373253,0.5527853525516166
prostate_31,1.0,0.5921852387843705,0.498868778280543
prostate_28,1.0,0.5480721822305492,0.4775358470525757
prostate_04,1.0,0.4928518304272374,0.579000200762899
prostate_34,1.0,0.6387907896595564,0.5566459300797336
prostate_24,1.0,0.4070078092889437,0.5254525452545254
prostate_40,1.0,0.5841162333406161,0.4246122552758708
