name,background,PZ,TZ
prostate_44,1.0,0.40832580671647917,0.2670011743354329
prostate_16,1.0,0.0,0.25414892054633575
prostate_01,1.0,0.5264166236828531,0.36131553239986974
prostate_46,1.0,0.2701962170761888,0.33273273273273274
prostate_29,1.0,0.45926647192469977,0.3200435503940274
prostate_06,1.0,0.4204818120740954,0.342016505202727
