name,background,PZ,TZ
prostate_47,1.0,0.474387526512146,0.7706921696662903
prostate_35,1.0,0.39412403106689453,0.7617548108100891
prostate_14,1.0,0.4801136255264282,0.5576816201210022
prostate_42,1.0,0.4074816405773163,0.7988811135292053
prostate_41,1.0,0.4855726957321167,0.7400065064430237
prostate_00,1.0,0.3699779510498047,0.8282098174095154
prostate_10,1.0,0.5230264067649841,0.6317179203033447
