name,background,PZ,TZ
prostate_39,1.0,0.3349885408708938,0.20866342030670834
prostate_31,1.0,0.30653392453777295,0.3027203636621919
prostate_28,1.0,0.549407114624506,0.3280652825121372
prostate_04,1.0,0.3557552650689906,0.3352142822396264
prostate_34,1.0,0.46948295118586164,0.5008312188292939
prostate_24,1.0,0.3038518908484689,0.2696669391091132
prostate_40,1.0,0.3653225062286611,0.2951585156058
