name,background,PZ,TZ
prostate_39,1.0,0.2726183831691742,0.4264478385448456
prostate_31,1.0,0.5738223195075989,0.7841148376464844
prostate_28,1.0,0.7491779327392578,0.7550910115242004
prostate_04,1.0,0.5646358132362366,0.8558577299118042
prostate_34,1.0,0.703822135925293,0.8402351140975952
prostate_24,1.0,0.1927953064441681,0.7424947023391724
prostate_40,1.0,0.5276448130607605,0.6765628457069397
