name,background,PZ,TZ
prostate_21,1.0,0.3085315227508545,0.5697533488273621
prostate_02,1.0,0.6223125457763672,0.7740730047225952
prostate_43,1.0,0.6727297306060791,0.6954189538955688
prostate_37,1.0,0.3746279180049896,0.7876747846603394
prostate_25,1.0,0.3605734705924988,0.7521119117736816
prostate_20,1.0,0.6813373565673828,0.842387318611145
