name,background,PZ,TZ
prostate_32,1.0,0.2477747678018576,nan
prostate_13,1.0,0.3754070600494985,0.0
prostate_38,1.0,0.22960932145305005,0.2499925134010122
prostate_07,1.0,0.0,0.0
prostate_18,1.0,0.02598931512130642,nan
prostate_17,1.0,0.5639805414551607,0.35374149659863946
