name,background,PZ,TZ
prostate_44,1.0,0.6622058749198914,0.6941644549369812
prostate_16,1.0,0.0,0.4682163596153259
prostate_01,1.0,0.6909455060958862,0.8071419596672058
prostate_46,1.0,0.5641651749610901,0.5543512105941772
prostate_29,1.0,0.6613208651542664,0.7900813221931458
prostate_06,1.0,0.5515629649162292,0.7344880104064941
