name,background,PZ,TZ
prostate_47,1.0,0.3326255722911552,0.3294249806922699
prostate_35,1.0,0.3238899261303677,0.175677061961428
prostate_14,1.0,0.27531965006729475,0.22311800866673384
prostate_42,1.0,0.2664298401420959,0.22336110502082876
prostate_41,1.0,0.15436360417773057,0.24093406593406594
prostate_00,1.0,0.27898297177513415,0.48096361185983827
prostate_10,1.0,0.3111111111111111,0.30718436344426836
