name,background,PZ,TZ
prostate_32,1.0,0.42697083950042725,nan
prostate_13,1.0,0.4987158477306366,0.0
prostate_38,1.0,0.2568589746952057,0.7821356058120728
prostate_07,1.0,0.0,0.0
prostate_18,1.0,0.07372520864009857,nan
prostate_17,1.0,0.7432302236557007,0.6839146614074707
