name,background,PZ,TZ
prostate_21,1.0,0.13633080534488984,0.14694490554106396
prostate_02,1.0,0.3357780612244898,0.2955779160598438
prostate_43,1.0,0.37740805604203154,0.23271107339838779
prostate_37,1.0,0.2374129754817879,0.2667910447761194
prostate_25,1.0,0.3523927392739274,0.33955704352304916
prostate_20,1.0,0.5981454198804056,0.41729810568295117
