name,background,PZ,TZ
prostate_21,1.0,0.7210094928741455,0.8218408226966858
prostate_02,1.0,0.7857489585876465,0.8670580983161926
prostate_43,1.0,0.7054768800735474,0.7469990849494934
prostate_37,1.0,0.40098270773887634,0.8634060621261597
prostate_25,1.0,0.5797343850135803,0.8729378581047058
prostate_20,1.0,0.7240757346153259,0.9075044393539429
