name,background,PZ,TZ
prostate_47,1.0,0.5243862867355347,0.8386284708976746
prostate_35,1.0,0.340151846408844,0.8166335821151733
prostate_14,1.0,0.5996685028076172,0.7457609176635742
prostate_42,1.0,0.5764411091804504,0.8810052275657654
prostate_41,1.0,0.7851763367652893,0.8689497709274292
prostate_00,1.0,0.4639286994934082,0.8512963056564331
prostate_10,1.0,0.6443747282028198,0.009831958450376987
