name,background,PZ,TZ
prostate_21,1.0,0.5146591970121381,0.4522943722943723
prostate_02,1.0,0.6678401833961028,0.515010792072732
prostate_43,1.0,0.4660790405317535,0.33571510890860895
prostate_37,1.0,0.3044171220400729,0.3585117631509384
prostate_25,1.0,0.5611893930988572,0.5258811288854207
prostate_20,1.0,0.6403238581360556,0.6011851224802921
