name,background,PZ,TZ
prostate_44,1.0,0.7751531600952148,0.0
prostate_16,1.0,0.09013725072145462,0.5261643528938293
prostate_01,1.0,0.6954603791236877,0.8698881268501282
prostate_46,1.0,0.660081148147583,0.7741721868515015
prostate_29,1.0,0.7447788715362549,0.8974205851554871
prostate_06,1.0,0.0,0.8157939910888672
