name,background,PZ,TZ
prostate_44,1.0,0.41544967889785767,0.29883331060409546
prostate_16,1.0,0.17389565706253052,0.5261643528938293
prostate_01,1.0,0.415944367647171,0.5911879539489746
prostate_46,1.0,0.3227594196796417,0.38641080260276794
prostate_29,1.0,0.6353893280029297,0.8768552541732788
prostate_06,1.0,0.2861388325691223,0.45021361112594604
