name,background,PZ,TZ
prostate_39,1.0,0.17124317586421967,0.6270414590835571
prostate_31,1.0,0.4127948582172394,0.6778092384338379
prostate_28,1.0,0.2904028594493866,0.5043851137161255
prostate_04,1.0,0.29347795248031616,0.6698490381240845
prostate_34,1.0,0.3621792793273926,0.6114032864570618
prostate_24,1.0,0.09226564317941666,0.6141898036003113
prostate_40,1.0,0.3695506453514099,0.275695264339447
