name,background,PZ,TZ
prostate_44,1.0,0.2677360953223022,0.16059332664325138
prostate_16,1.0,0.21375509225976516,0.30239234449760766
prostate_01,1.0,0.33959252652333116,0.25878094119949124
prostate_46,1.0,0.1977135171486214,0.15671329257056704
prostate_29,1.0,0.4568622063470257,0.4794881247037759
prostate_06,1.0,0.23533991722329223,0.1916165508300623
