name,background,PZ,TZ
prostate_32,1.0,0.43906569480895996,nan
prostate_13,1.0,0.6510055661201477,0.8161748051643372
prostate_38,1.0,0.43008267879486084,0.8038899302482605
prostate_07,1.0,0.0,0.2445332556962967
prostate_18,1.0,0.04714423418045044,nan
prostate_17,1.0,0.8382558226585388,0.787229597568512
