name,background,PZ,TZ
prostate_39,1.0,0.20031284916201117,0.22545075784785576
prostate_31,1.0,0.30884277435034585,0.2688394947982648
prostate_28,1.0,0.17012517852642192,0.1873015873015873
prostate_04,1.0,0.23207216031998695,0.27736647998907255
prostate_34,1.0,0.37795417643875157,0.23285559536705275
prostate_24,1.0,0.14217161802556386,0.21348048503220918
prostate_40,1.0,0.2832203637782221,0.11547731641089788
