name,background,PZ,TZ
prostate_47,1.0,0.2533503836317136,0.3268825829740299
prostate_35,1.0,0.2105843439911797,0.18638295213098363
prostate_14,1.0,0.2853577371048253,0.20889514016878455
prostate_42,1.0,0.26658786041013516,0.3627235909551131
prostate_41,1.0,0.4682143770785367,0.5207460982108869
prostate_00,1.0,0.14168953585490993,0.31260593733352704
prostate_10,1.0,0.35185462159736763,0.12104050681512767
