name,background,PZ,TZ
prostate_32,1.0,0.11158165505991594,nan
prostate_13,1.0,0.15909900919523842,0.060276002852309114
prostate_38,1.0,0.2629922100096041,0.19608663235802223
prostate_07,1.0,0.03739511127325793,0.023896528512356956
prostate_18,1.0,0.1690565482756085,nan
prostate_17,1.0,0.2589752527012896,0.06559469514188317
