name,background,PZ,TZ
prostate_39,1.0,0.4210644066333771,0.8653123378753662
prostate_31,1.0,0.7458438277244568,0.8547461628913879
prostate_28,1.0,0.7063082456588745,0.7699602246284485
prostate_04,1.0,0.5925506353378296,0.8895354270935059
prostate_34,1.0,0.7327471971511841,0.8690491318702698
prostate_24,1.0,0.2819213569164276,0.8695970773696899
prostate_40,1.0,0.6549268960952759,0.773101806640625
