name,background,PZ,TZ
prostate_21,1.0,0.0,0.0
prostate_02,1.0,0.5587693293806586,0.4538441422594142
prostate_43,1.0,0.4772644065314491,0.3027002496029045
prostate_37,1.0,0.3136704119850187,0.3807668220722288
prostate_25,1.0,0.5162363740676994,0.4753007594596411
prostate_20,1.0,0.0,0.5557210489919676
