name,background,PZ,TZ
prostate_47,1.0,0.26372459530830383,0.7077631950378418
prostate_35,1.0,0.09118042886257172,0.7091615200042725
prostate_14,1.0,0.34474626183509827,0.5215213298797607
prostate_42,1.0,0.3121584951877594,0.7579066157341003
prostate_41,1.0,0.5395869016647339,0.822858989238739
prostate_00,1.0,0.07044487446546555,0.6681613326072693
prostate_10,1.0,0.5962045192718506,0.3978100121021271
