name,background,PZ,TZ
prostate_39,1.0,0.0,0.47004642803654334
prostate_31,1.0,0.6307751050019091,0.4753920304120562
prostate_28,1.0,0.5812840876471151,0.43745970341715024
prostate_04,1.0,0.4882782310004294,0.48414477135091316
prostate_34,1.0,0.0,0.46962440131081423
prostate_24,1.0,0.35088285960378984,0.4477671253290944
prostate_40,1.0,0.5757906215921483,0.0
