name,background,PZ,TZ
prostate_44,1.0,0.5087402049427366,0.5481241509039607
prostate_16,1.0,0.3109289617486339,0.3097040605643496
prostate_01,1.0,0.5731426692965155,0.5107469271982351
prostate_46,1.0,0.4914576880807274,0.4897182025894897
prostate_29,1.0,0.4420597355965399,0.5193128164286933
prostate_06,1.0,0.47768148355232504,0.44833692639359407
