name,background,PZ,TZ
prostate_21,1.0,0.0,0.0
prostate_02,1.0,0.7304105162620544,0.8477182388305664
prostate_43,1.0,0.7323077917098999,0.7257418632507324
prostate_37,1.0,0.4047733247280121,0.845585823059082
prostate_25,1.0,0.5636749267578125,0.8605616092681885
prostate_20,1.0,0.0,0.8993765115737915
