name,background,PZ,TZ
prostate_32,1.0,0.3607870980829699,nan
prostate_13,1.0,0.543859649122807,0.0
prostate_38,1.0,0.476508120649652,0.31935436102472975
prostate_07,1.0,0.0,0.0
prostate_18,1.0,0.0,nan
prostate_17,1.0,0.7146521320936198,0.0
