name,background,PZ,TZ
prostate_44,1.0,0.7408868670463562,0.8334125876426697
prostate_16,1.0,0.316535621881485,0.5466817617416382
prostate_01,1.0,0.6913766264915466,0.8688554167747498
prostate_46,1.0,0.7183579206466675,0.8054224252700806
prostate_29,1.0,0.6963640451431274,0.8970385789871216
prostate_06,1.0,0.6550089120864868,0.8253872990608215
