name,background,PZ,TZ
prostate_32,1.0,0.33872878010264507,nan
prostate_13,1.0,0.529516148113096,0.4828199710886245
prostate_38,1.0,0.4774554983283636,0.18623157115538833
prostate_07,1.0,0.0,0.175717017208413
prostate_18,1.0,0.2467857849278038,nan
prostate_17,1.0,0.7444791666666667,0.5386392811296534
