name,background,PZ,TZ
prostate_47,1.0,0.0,0.4214881375654535
prostate_35,1.0,0.0,0.29670712296060486
prostate_14,1.0,0.0,0.40128575421596946
prostate_42,1.0,0.4671710348554445,0.4987817612252001
prostate_41,1.0,0.6589558955895589,0.5834310694103849
prostate_00,1.0,0.0,0.5270678533518413
prostate_10,1.0,0.4476262962610598,0.18055555555555555
