name,background,PZ,TZ
prostate_44,1.0,0.5456963871964301,0.0
prostate_16,1.0,0.15211689771449982,0.30239234449760766
prostate_01,1.0,0.5702349046192653,0.5070935582822086
prostate_46,1.0,0.4415740462601382,0.4034936381281001
prostate_29,1.0,0.543515567541064,0.5254198164925847
prostate_06,1.0,0.0,0.4136992691649821
