name,background,PZ,TZ
prostate_47,1.0,0.41744321490972625,0.4458319495184324
prostate_35,1.0,0.4316226023846553,0.28738317757009346
prostate_14,1.0,0.3883649266971706,0.3595484299402334
prostate_42,1.0,0.5309231051569095,0.4909060289659818
prostate_41,1.0,0.5794920855801009,0.5385669125395153
prostate_00,1.0,0.42608814672871614,0.5432517366854118
prostate_10,1.0,0.39153012803294834,0.016986205692334555
