name,background,PZ,TZ
prostate_39,1.0,0.0,0.8418189883232117
prostate_31,1.0,0.7551088333129883,0.8571428656578064
prostate_28,1.0,0.7597934603691101,0.7781594395637512
prostate_04,1.0,0.5958163142204285,0.8839664459228516
prostate_34,1.0,0.0,0.8572104573249817
prostate_24,1.0,0.22195565700531006,0.8594219088554382
prostate_40,1.0,0.6432367563247681,0.0
