name,background,PZ,TZ
prostate_47,1.0,0.0,0.828850269317627
prostate_35,1.0,0.0,0.8249750733375549
prostate_14,1.0,0.0,0.781251072883606
prostate_42,1.0,0.5595209002494812,0.8798058032989502
prostate_41,1.0,0.7925353050231934,0.8488341569900513
prostate_00,1.0,0.0,0.8439529538154602
prostate_10,1.0,0.6997570395469666,0.46823880076408386
