name,background,PZ,TZ
prostate_21,1.0,0.3190325200557709,0.325516015291214
prostate_02,1.0,0.3871462345123291,0.5577057003974915
prostate_43,1.0,0.5569971203804016,0.612096905708313
prostate_37,1.0,0.2951975464820862,0.6205267906188965
prostate_25,1.0,0.46913108229637146,0.8209406137466431
prostate_20,1.0,0.30100882053375244,0.5099057555198669
