name,background,PZ,TZ
prostate_21,1.0,0.18022339968494916,0.10773695950122275
prostate_02,1.0,0.24719101123595505,0.19423614997202016
prostate_43,1.0,0.2859524436255155,0.18462390146010657
prostate_37,1.0,0.223714476515545,0.22833298560400583
prostate_25,1.0,0.4034977578475336,0.39824304538799415
prostate_20,1.0,0.2939068100358423,0.24985650052616473
