name,background,PZ,TZ
prostate_32,1.0,0.39722126722335815,nan
prostate_13,1.0,0.6547834873199463,0.0
prostate_38,1.0,0.4616510570049286,0.8390340209007263
prostate_07,1.0,0.0,0.0
prostate_18,1.0,0.0,nan
prostate_17,1.0,0.8364565372467041,0.0
