name,background,PZ,TZ
prostate_39,1.0,0.5203020549641,0.549647807316519
prostate_31,1.0,0.6221628838451269,0.47440918298446993
prostate_28,1.0,0.4876058041112455,0.4477279949157928
prostate_04,1.0,0.4937300008648275,0.497165393147646
prostate_34,1.0,0.6341074020319303,0.5277231952157198
prostate_24,1.0,0.3706552137435078,0.4903025218378325
prostate_40,1.0,0.5949329652996845,0.45410741567751794
