name,background,PZ,TZ
prostate_32,1.0,0.21123667061328888,nan
prostate_13,1.0,0.25454795360565186,0.1009988859295845
prostate_38,1.0,0.2810133397579193,0.680525541305542
prostate_07,1.0,0.05885843187570572,0.03678784519433975
prostate_18,1.0,0.05743195489048958,nan
prostate_17,1.0,0.4951843023300171,0.12423069775104523
